0,gh950103-000000
1,gh950103-000001
2,gh950103-000002
3,gh950103-000003
4,gh950103-000004
5,gh950103-000005
6,gh950103-000006
7,gh950103-000007
8,gh950103-000008
9,gh950103-000009
10,gh950103-000010
11,gh950103-000011
12,gh950103-000012
13,gh950103-000013
14,gh950103-000014
15,gh950103-000015
16,gh950103-000016
17,gh950103-000017
18,gh950103-000018
19,gh950103-000019
20,gh950103-000020
21,gh950103-000021
22,gh950103-000022
23,gh950103-000023
24,gh950103-000024
25,gh950103-000025
26,gh950103-000026
27,gh950103-000027
28,gh950103-000028
29,gh950103-000029
30,gh950103-000030
31,gh950103-000031
32,gh950103-000032
33,gh950103-000033
34,gh950103-000034
35,gh950103-000035
36,gh950103-000036
37,gh950103-000037
38,gh950103-000038
39,gh950103-000039
40,gh950103-000040
41,gh950103-000041
42,gh950103-000042
43,gh950103-000043
44,gh950103-000044
45,gh950103-000045
46,gh950103-000046
47,gh950103-000047
48,gh950103-000048
49,gh950103-000049
50,gh950103-000050
51,gh950103-000051
52,gh950103-000052
53,gh950103-000053
54,gh950103-000054
55,gh950103-000055
56,gh950103-000056
57,gh950103-000057
58,gh950103-000058
59,gh950103-000059
60,gh950103-000060
61,gh950103-000061
62,gh950103-000062
63,gh950103-000063
64,gh950103-000064
65,gh950103-000065
66,gh950103-000066
67,gh950103-000067
68,gh950103-000068
69,gh950103-000069
70,gh950103-000070
71,gh950103-000071
72,gh950103-000072
73,gh950103-000073
74,gh950103-000074
75,gh950103-000075
76,gh950103-000076
77,gh950103-000077
78,gh950103-000078
79,gh950103-000079
80,gh950103-000080
81,gh950103-000081
82,gh950103-000082
83,gh950103-000083
84,gh950103-000084
85,gh950103-000085
86,gh950103-000086
87,gh950103-000087
88,gh950103-000088
89,gh950103-000089
90,gh950103-000090
91,gh950103-000091
92,gh950103-000092
93,gh950103-000093
94,gh950103-000094
95,gh950103-000095
96,gh950103-000096
97,gh950103-000097
98,gh950103-000098
99,gh950103-000099
100,gh950103-000100
101,gh950103-000101
102,gh950103-000102
103,gh950103-000103
104,gh950103-000104
105,gh950103-000105
106,gh950103-000106
107,gh950103-000107
108,gh950103-000108
109,gh950103-000109
110, la010194-0001 
111, la010194-0002 
112, la010194-0003 
113, la010194-0004 
114, la010194-0005 
115, la010194-0006 
116, la010194-0007 
117, la010194-0008 
118, la010194-0009 
119, la010194-0010 
120, la010194-0011 
121, la010194-0012 
122, la010194-0013 
123, la010194-0014 
124, la010194-0015 
125, la010194-0016 
126, la010194-0017 
127, la010194-0018 
128, la010194-0019 
129, la010194-0020 
130, la010194-0021 
131, la010194-0022 
132, la010194-0023 
133, la010194-0024 
134, la010194-0025 
135, la010194-0026 
136, la010194-0027 
137, la010194-0028 
138, la010194-0029 
139, la010194-0030 
140, la010194-0031 
141, la010194-0032 
142, la010194-0033 
143, la010194-0034 
144, la010194-0035 
145, la010194-0036 
146, la010194-0037 
147, la010194-0038 
148, la010194-0039 
149, la010194-0040 
150, la010194-0041 
151, la010194-0042 
152, la010194-0043 
153, la010194-0044 
154, la010194-0045 
155, la010194-0046 
156, la010194-0047 
157, la010194-0048 
158, la010194-0049 
159, la010194-0050 
160, la010194-0051 
161, la010194-0052 
162, la010194-0053 
163, la010194-0054 
164, la010194-0055 
165, la010194-0056 
166, la010194-0057 
167, la010194-0058 
168, la010194-0059 
169, la010194-0060 
170, la010194-0061 
171, la010194-0062 
172, la010194-0063 
173, la010194-0064 
174, la010194-0065 
175, la010194-0066 
176, la010194-0067 
177, la010194-0068 
178, la010194-0069 
179, la010194-0070 
180, la010194-0071 
181, la010194-0072 
182, la010194-0073 
183, la010194-0074 
184, la010194-0075 
185, la010194-0076 
186, la010194-0077 
187, la010194-0078 
188, la010194-0079 
189, la010194-0080 
190, la010194-0081 
191, la010194-0082 
192, la010194-0083 
193, la010194-0084 
194, la010194-0085 
195, la010194-0086 
196, la010194-0087 
197, la010194-0088 
198, la010194-0089 
199, la010194-0090 
200, la010194-0091 
201, la010194-0092 
202, la010194-0093 
203, la010194-0094 
204, la010194-0095 
205, la010194-0096 
206, la010194-0097 
207, la010194-0098 
208, la010194-0099 
209, la010194-0100 
210, la010194-0101 
211, la010194-0102 
212, la010194-0103 
213, la010194-0104 
214, la010194-0105 
215, la010194-0106 
216, la010194-0107 
217, la010194-0108 
218, la010194-0109 
219, la010194-0110 
220, la010194-0111 
221, la010194-0112 
222, la010194-0113 
223, la010194-0114 
224, la010194-0115 
225, la010194-0116 
226, la010194-0117 
227, la010194-0118 
228, la010194-0119 
229, la010194-0120 
230, la010194-0121 
231, la010194-0122 
232, la010194-0123 
233, la010194-0124 
234, la010194-0125 
235, la010194-0126 
236, la010194-0127 
237, la010194-0128 
238, la010194-0129 
239, la010194-0130 
240, la010194-0131 
241, la010194-0132 
242, la010194-0133 
243, la010194-0134 
244, la010194-0135 
245, la010194-0136 
246, la010194-0137 
247, la010194-0138 
248, la010194-0139 
249, la010194-0140 
250, la010194-0141 
251, la010194-0142 
252, la010194-0143 
253, la010194-0144 
254, la010194-0145 
255, la010194-0146 
256, la010194-0147 
257, la010194-0148 
258, la010194-0149 
259, la010194-0150 
260, la010194-0151 
261, la010194-0152 
262, la010194-0153 
263, la010194-0154 
264, la010194-0155 
265, la010194-0156 
266, la010194-0157 
267, la010194-0158 
268, la010194-0159 
269, la010194-0160 
270, la010194-0161 
271, la010194-0162 
272, la010194-0163 
273, la010194-0164 
274, la010194-0165 
275, la010194-0166 
276, la010194-0167 
277, la010194-0168 
278, la010194-0169 
279, la010194-0170 
280, la010194-0171 
281, la010194-0172 
282, la010194-0173 
283, la010194-0174 
284, la010194-0175 
285, la010194-0176 
286, la010194-0177 
287, la010194-0178 
288, la010194-0179 
289, la010194-0180 
290, la010194-0181 
291, la010194-0182 
292, la010194-0183 
293, la010194-0184 
294, la010194-0185 
295, la010194-0186 
296, la010194-0187 
297, la010194-0188 
298, la010194-0189 
299, la010194-0190 
300, la010194-0191 
301, la010194-0192 
302, la010194-0193 
303, la010194-0194 
304, la010194-0195 
305, la010194-0196 
